rank,scenario_id,path_m,min_speed,p05_speed,mean_speed,moving_fraction,num_non_av,reason
1,001b7381-ef77-4db9-a31b-3a519b3a4875,86.79232209441358,8.61533246517445,13.029991364798006,14.465387015735597,1.0,4,ok
2,0005dd1d-53ee-4db2-be95-a09e64d78b61,87.9165990695653,8.615227304272807,13.503261731146123,14.652766511594217,1.0,3,ok
3,0001fe2b-a3c8-4cdf-a712-6b65a17ca316,90.77053412063536,8.501325654704049,13.419555267762235,15.128422353439225,1.0,11,ok
4,00052182-d782-4196-a025-a9916aaae4d6,89.387051913407,8.150441246140613,12.834382782467966,14.897841985567839,1.0,3,ok
5,001a7bd3-05f3-433a-9042-30578efd7d2b,89.83000654789402,7.473511012356015,12.433760136984024,14.971667757982337,1.0,3,ok
6,00194f47-7cdc-4e1f-ab36-7d33d8abe7ec,85.17408838820481,7.100590660357016,11.724604205287333,14.195681398034136,1.0,7,ok
7,0003904f-371d-4544-8712-5f4eff74ef91,77.62089552861515,6.969979784955355,11.293325193634104,12.936815921435858,1.0,1,ok
8,001cb639-614f-4356-a50b-372514f14e96,71.02749032640624,6.571372640701549,10.369618312101254,11.837915054401037,1.0,7,ok
9,0002cd4c-d011-4f89-84e4-5a042007f034,88.3850945874037,6.369981211360607,11.35354422060614,14.73084909790061,1.0,3,ok
10,0006157f-aa50-483f-8e67-a965315a520c,64.90561283919605,6.158200821420883,9.677706462448157,10.817602139866006,1.0,5,ok
11,001d74b4-be3d-46ff-ac5c-facacfd489a9,62.37422174265494,6.14649559028458,9.507695006288195,10.395703623775823,1.0,3,ok
12,0006c73f-a174-44c9-941e-495d4023c382,64.75846281004114,6.140142543175667,9.649321582936755,10.793077135006856,1.0,2,ok
13,00134c8e-2a3f-4298-acdd-313578a093ec,63.43219320931308,6.113856504875959,9.613290082071103,10.572032201552174,1.0,4,ok
14,000fd3cb-1fa5-42d3-b532-533474c70c13,64.48564966488213,6.088493231675085,9.593983480883754,10.747608277480355,1.0,6,ok
15,00141832-b4e6-4e54-a706-9e04e59d72bd,63.17946250394873,6.072088278864391,9.638190484537214,10.529910417324789,1.0,5,ok
16,001c3493-893f-4c2d-919b-da93a310c721,76.29107111002868,5.819959919846312,10.314011464119988,12.715178518338115,1.0,7,ok
17,0010a049-f6f3-453d-b326-971670bc8093,65.76005565471874,5.525127310224662,9.143585769240678,10.960009275786456,1.0,4,ok
18,0019c425-848d-49f8-a14f-7641b75d7942,63.74266223363331,5.415395272649445,9.003258744764777,10.623777038938885,1.0,10,ok
19,001c4b25-247c-4fb5-9363-3e51351fe3b2,66.49886321656314,5.401971458024934,9.014540910959973,11.083143869427188,1.0,11,ok
20,0013e6ae-7481-43da-8ecd-330baf39fbdc,49.3820953811709,5.161643855580876,5.677516970168149,8.23034923019515,1.0,1,ok
21,0000b0f9-99f9-4a1f-a231-5be9e4c523f7,52.59960868848494,5.101297622364896,6.485121362539767,8.766601448080825,1.0,4,ok
22,00093b91-f118-493b-bdec-04924ea4de3a,78.47120024882467,4.870109513733583,8.81812516952171,13.078533374804108,1.0,1,ok
23,0001f576-0552-49c9-9ce2-8c47411a088e,59.791449242156034,4.608900765091363,8.026462190365228,9.965241540359337,1.0,7,ok
24,001c58dc-63e5-4997-8ae7-71193e4b334e,76.40497758616766,4.280742531654345,8.898131793467643,12.734162931027942,1.0,1,ok
25,0014d9e1-fc42-4128-acff-90a8bdb01b66,54.64481549904217,4.18993398045352,7.040044566495053,9.107469249840362,1.0,5,ok
26,00161045-0721-4b7c-b644-2d8589467ba0,42.8559251059318,4.161931272622669,6.4380099351956925,7.142654184321967,1.0,10,ok
27,0003e31e-8142-47af-9215-b8a306a31bc9,67.2055875768476,4.144758105024294,7.588115379573679,11.200931262807932,1.0,6,ok
28,0000b6ab-e100-4f6b-aee8-b520b57c0530,44.57497570908046,4.101914890228447,5.288998926359254,7.429162618180078,1.0,3,ok
29,000be335-f40a-4122-9621-45327a7a5ef4,42.12772130058016,3.6615014143788294,6.033172962783536,7.021286883430026,1.0,11,ok
30,0019a075-80c0-4100-8eb3-65854e8b6153,35.051833456460095,3.285229460981159,3.2964209332134398,5.841972242743349,1.0,3,ok
31,00078678-1b54-4f19-bccf-dec214baf06c,29.740017178300267,3.1334238954064024,3.170838523163266,4.95666952971671,1.0,12,ok
32,001c2912-6546-48b2-b270-3f5e491cdf4f,42.6730972778131,3.0645663071917366,4.92393406171203,7.112182879635516,1.0,13,ok
33,001043ad-b007-403e-ad54-89aa927ca76b,48.88939348893099,2.8131664334262863,4.575330602923054,8.148232248155164,1.0,6,ok
34,000b1e10-20b6-4b6b-9d0b-9b000ca47c8c,30.88243320846822,2.681693346765287,4.5421811071509275,5.147072201411371,1.0,10,ok
35,001426de-215b-406a-9899-42c7175fee65,23.526062043988528,2.566197432961813,3.526342289585626,3.921010340664753,1.0,7,ok
36,0011e48f-b0b9-44cb-9ed3-ea2c3c72b942,21.44049276804772,2.526025681920289,2.828478807090864,3.573415461341287,1.0,15,ok
37,0016248f-219a-47a5-bb28-a20fd6f4f46e,26.808054643701947,2.4425998821598114,2.643230198949396,4.468009107283658,1.0,4,ok
38,00097516-de98-4ac8-b596-8a589b70a557,46.6790890451851,2.262795753538204,4.217274445982093,7.779848174197517,1.0,10,ok
39,00099716-1352-4cae-81cb-34905f3da3bd,23.14122952188244,2.255622617313306,2.3424741019652524,3.8568715869804064,1.0,10,ok
40,00109d09-9976-460a-8fbc-a6f373102fa0,34.94352313066525,2.1573834472831894,3.9708217103140457,5.823920521777538,1.0,9,ok
41,0019ac2f-e5fe-4560-bdd4-7630a4efa3b0,36.115791747028425,2.0758135603923065,4.309606969096597,6.019298624504738,1.0,15,ok
42,001b6487-cda2-4260-8da8-9366e3adddaf,18.783578272190084,1.6728893487213825,2.0507942747302774,3.130596378698347,1.0,8,ok
43,001a13e6-b7b5-46b9-97c6-e04729515cee,33.75253505312154,1.5532102995077872,2.0396176103957737,5.625422508853589,1.0,10,ok
44,00161f57-44ed-46ee-b9c4-ddbc6e0168a8,39.226031202362726,1.3775636334307186,2.5881387050234115,6.537671867060454,1.0,3,ok
45,000946e5-5d33-474e-994a-f603af4d7a3c,36.15987365576841,1.2390443394064874,2.281426460973345,6.026645609294735,1.0,14,ok
46,000410c1-84d8-43a6-b6e8-34616cc1543f,11.53617796770219,1.1172101478681906,1.7024043645829297,1.9226963279503648,1.0,18,ok
47,001cbde0-dfca-40ff-ab9c-38230e96d03b,30.249917697570556,0.9783804185238901,1.9245337671743803,5.041652949595093,1.0,7,ok
48,0001b567-b7ac-4a91-b4fe-6132e4b81884,15.065635453992645,0.8552251669326257,1.5469848824178494,2.5109392423321077,1.0,14,ok
49,001088bb-7fd7-4b28-aeb7-fbe346782b18,35.71515933193317,0.7976192182530291,1.618638644032765,5.952526555322194,1.0,4,ok
50,0018515c-61ca-4d88-aea4-0db196bfa93b,30.42032838258343,0.7533231862265319,1.4728518910588488,5.070054730430571,1.0,6,ok
51,001b1e59-687f-4ba2-932c-0199c99f1a6b,10.55429334407947,0.5325848134871373,0.6910719522969382,1.7590488906799113,1.0,11,ok
